Identifier,Responsible partner,"Version (optional)
","Competency Question /
 Natural language sentence (fact)",Answer (For Competency Questions),"Status (Proposed, Accepted, Rejected, Deprecated)",Comments (optional),Extracted from (provenance),"Priority 
(High, Medium, Low) (optional)",Relation with other requirements (optional),Associated ontology elements,Relation to ontology elements in other domains
EI01,UPM,v0.1.0,¿Cuál es la cantidad total de un contaminante emitido por cada ciudad? / What is the total amount of a pollutant emitted by each city?,,,,,,,,
EI02,UPM,v0.1.0,"¿Qué emisiones están asociadas a un distrito determinado durante un periodo determinado? /  What emissions are associated with a given district during a given period?
",,,,,,,,
EI03,UPM,v0.1.0,"¿Cuáles son las emisiones correspondientes a un sector determinado? / What emissions correspond to a given sector?
",,,,,,,,
EI04,UPM,v0.1.0,¿Cuál es la cantidad emitida de un contaminante determinado por cada sector durante un periodo determinado? / What is the amount of a given pollutant emitted by each sector during a given period?,,,,,,,,
EI05,UPM,v0.1.0,¿Qué sector presenta el mayor valor de emisión de un contaminante durante un periodo determinado? / Which sector has the highest emission value for a pollutant during a given period?,,,,,,,,
EI06,UPM,v0.1.0,¿Cuáles son los subsectores directos de un sector? / What are the direct subsectors of a given sector?,,,,,,,,
EI07,UPM,v0.1.0,"¿Cuáles son las emisiones agregadas de un sector, incluyendo las emisiones de todos sus subsectores, durante un periodo determinado? / What are the aggregated emissions of a given sector, including the emissions of all its subsectors, during a given period?",,,,,,,,
EI08,UPM,v0.1.0,¿Cuáles son las emisiones de un contaminante durante un año determinado? / What are the emissions of a given pollutant during a given year?,,,,,,,,
EI09,UPM,v0.1.0,¿Qué sector ha experimentado el mayor incremento o la mayor reducción de emisiones entre dos periodos? / Which sector experienced the greatest increase or the greatest decrease in emissions between two given periods?,,,,,,,,
EI10,UPM,v0.1.0,¿Qué emisiones están asociadas a una ciudad determinada durante un periodo determinado? / What emissions are associated with a given city during a given period?,,,,,,,,
EI11,UPM,v0.1.0,¿Qué ciudad presenta el mayor valor de emisión de un contaminante durante un periodo determinado? / Which city has the highest emission value for a given pollutant during a given period?,,,,,,,,